student_id,topic,correct,score,attempts,time_taken,mastery_level
S001,Loops,1,90,1,20,High
S001,Loops,1,85,1,22,High
S001,Loops,1,95,1,18,High
S001,Loops,1,90,1,21,High
S002,Loops,1,80,1,25,High
S002,Loops,1,85,1,24,High
S002,Loops,1,90,1,20,High
S002,Loops,1,88,1,22,High
S003,Loops,1,75,2,35,Medium
S003,Loops,0,60,2,40,Medium
S003,Loops,1,70,1,32,Medium
S003,Loops,1,78,1,30,Medium
S004,Loops,1,72,1,35,Medium
S004,Loops,0,65,2,42,Medium
S004,Loops,1,70,1,36,Medium
S004,Loops,1,75,1,34,Medium
S005,Loops,0,40,2,60,Low
S005,Loops,0,45,2,65,Low
S005,Loops,1,50,2,58,Low
S005,Loops,0,35,3,70,Low
S006,Loops,0,45,2,62,Low
S006,Loops,1,50,2,60,Low
S006,Loops,0,40,3,68,Low
S006,Loops,0,42,2,65,Low